Idade,Nota
25,7.297759524672443
40,8.490898226093101
31,7.1100766440413
34,9.815990856978457
58,7.910072671423916
39,6.732020874450043
54,3.754019362144562
45,9.075537932765938
40,8.24681720369368
48,2.653327374785669
